Model,R2_Score,MSE
Linear Regression,1.0,1.29908715201453e-23
Gradient Boosting,0.9956479519295122,16527.535393070448
Random Forest,0.9928676013337858,27086.321080118356
